time_seconds,note,freq_hz,intensity
0.000,	g(5),	387.60,	626.7337036132812
0.952,	d(6),	592.16,	236.4830322265625
1.950,	e(6),	656.76,	218.1604461669922
2.949,	d(6),	592.16,	192.74819946289062
3.947,	c(6),	527.56,	164.70529174804688
4.040,	c(5),	516.80,	474.992919921875
4.133,	c(6),	527.56,	139.56004333496094
4.180,	c(5),	516.80,	52.5035514831543
4.226,	c(6),	527.56,	34.170013427734375
4.272,	c(5),	516.80,	55.97475814819336
4.435,	c(6),	527.56,	66.63436126708984
4.528,	c(5),	516.80,	485.4687194824219
4.621,	c(6),	527.56,	172.46456909179688
4.690,	c(5),	516.80,	43.47474670410156
4.737,	c(6),	527.56,	54.14929962158203
4.760,	c(5),	516.80,	64.05870056152344
4.946,	b(5),	495.26,	137.6949462890625
5.944,	a(5),	441.43,	115.18897247314453
6.943,	g(5),	398.36,	97.19699096679688
